n;inverse;inverse2;test(s)
8.63016e-05;6.77304e-05;21000
0.000525663;0.000293782;7000
0.00319582;0.0014727;1750
0.0215332;0.00949019;350
0.151041;0.0717261;58
 1.21717;0.620874;8
 10.9294;  6.1732;1
 110.039;  64.437;1
