n;inverse;stdvar;inverse2;stdvar2;test(s)
9.96538e-05;1.50196e-06;8.16234e-05;1.28256e-06;21000
0.000593814;3.83428e-06;0.000367218;1.88711e-06;7000
0.003656;7.37885e-06;0.0019431;0.000132909;1750
0.0239068;7.74431e-05;0.0123619;1.24716e-05;350
0.171843;8.94865e-05;0.0934312;3.65883e-05;58
  1.3848;6.77882e-05;0.806862;0.000118161;8
