n;inverse;stdvar;inverse2;stdvar2;test(s)
0.000100931;2.84057e-06;8.26514e-05;1.74693e-06;21000
0.000600041;6.8799e-06;0.000369949;2.08354e-06;7000
0.00368817;5.8836e-06;0.00192687;4.70433e-06;1750
0.0240624;6.77202e-05;0.0124807;0.000246583;350
   0.177;0.00383091;0.0944442;0.0011918;58
 1.50249;0.105683;0.838176;0.0257947;8
 1.50249;0.105683;0.838176;0.0257947;8
