n;inverse;stdvar;inverse2;stdvar2;test(s)
9.38534e-05;5.29657e-06;7.77959e-05;9.7949e-06;21000
